# rom_bss_layout.tsv -- the original linker's BSS allocation, keyed by port symbol+offset.
# Generated by bss_remap.py --gen against DATA/LCP_ORG.PRG; regenerate after any
# layout-affecting source change and review the diff.  Columns: symbol offset rom_addr.
# bss_size 237744
__base	0x0	0x141a2
__break	0x0	0x141a6
___cpmrv	0x0	0x141aa
___cpmrv	0x2	0x141ac
___cpmrv	0x4e22	0x18fcc
_vdipb2	0x0	0x1beac
_vdipb2	0x4	0x1beb0
_vdipb2	0x8	0x1beb4
_vdipb2	0xc	0x1beb8
_vdipb2	0x10	0x1bebc
___cpmrv	0x7d02	0x1bec0
___cpmrv	0x7d06	0x1bec4
___cpmrv	0x7d08	0x1bec6
___cpmrv	0x7d0c	0x1beca
___cpmrv	0x7d10	0x1bece
___cpmrv	0x7d14	0x1bed2
_ldivr	0x0	0x1bed6
_control	0x0	0x1beda
_int_in	0x0	0x1bee2
_int_in	0x2	0x1bee4
_in_str	0x0	0x1bf02
_g_sedms	0x0	0x1c002
_intin	0x0	0x1c0f2
_g_lsimg	0x0	0x1c1f2
_g_hsmas	0x0	0x1c342
_int_out	0x0	0x1c492
_int_out	0x2	0x1c494
_int_out	0x4	0x1c496
_int_out	0x6	0x1c498
_int_out	0x8	0x1c49a
_g_apriq	0x0	0x1c4a0
_g_obtaw	0x0	0x1c4b4
_intout	0x0	0x1c534
_aes_int	0xe	0x1c642
_c	0x0	0x1c654
_c	0x4	0x1c658
_c	0x8	0x1c65c
_c	0xc	0x1c660
_c	0x10	0x1c664
_c	0x14	0x1c668
_hshdbuf	0x0	0x1c66c
_pk_dsc	0x0	0x1dc14
_mi_pgma	0x0	0x1dc7c
_g_ewb	0x0	0x1dc9c
_g_sepim	0x0	0x1dca6
_g_sepim	0xc	0x1dcb2
_g_sepim	0x10	0x1dcb6
_dsb_sto	0x0	0x1dcc6
_g_cdinb	0x0	0x25bc6
_scrbufA	0xff	0x25d05
_usr_buf	0x0	0x35c06
_g_lsmas	0x0	0x35c32
_g_aqueu	0x0	0x35d82
_scrbufB	0x12f	0x35ec5
_g_mcpro	0x0	0x3df96
_bm32and	0x0	0x3dfc2
_ad_c	0x0	0x3e042
_body_sh	0x0	0x3e046
_g_dfimb	0x0	0x3e04a
_obj_fil	0x0	0x3e13a
_g_setaw	0x0	0x417ea
_spr_fil	0x0	0x4186a
_g_seach	0x0	0x44f1a
_g_seach	0x2	0x44f1c
_g_seach	0x4	0x44f1e
_g_seach	0xa	0x44f24
_g_seach	0xc	0x44f26
_g_seach	0xe	0x44f28
_g_sepew	0x0	0x44f2a
_g_sepew	0x6	0x44f30
_g_sepew	0x8	0x44f32
_g_sepex	0x0	0x44f3a
_g_sepex	0x2	0x44f3c
_g_sepex	0x4	0x44f3e
_g_sepex	0xa	0x44f44
_g_sepex	0xc	0x44f46
_g_sepex	0xe	0x44f48
_pst_arr	0x0	0x44f4a
_pst_arr	0x2	0x44f4c
_pst_arr	0x4	0x44f4e
_pst_arr	0x6	0x44f50
_g_sepey	0x0	0x44f52
_g_sepey	0x2	0x44f54
_g_sepey	0x4	0x44f56
_g_sepey	0xa	0x44f5c
_g_sepey	0xc	0x44f5e
_g_sepey	0xe	0x44f60
_hd_shp	0x0	0x44f62
_g_obtmt	0x0	0x44f66
_pk_ph	0x0	0x45466
_g_mstr	0x0	0x4549a
_g_mstr	0x1	0x4549b
_g_mstr	0x3	0x4549d
_g_mstr	0x6	0x454a0
_g_mstr	0x8	0x454a2
_g_mstr	0xa	0x454a4
_sp_mbuf	0x0	0x4551e
_mi_chma	0x0	0x48bce
_ptsin	0x0	0x48bde
_ptsin	0x2	0x48be0
_ptsin	0x4	0x48be2
_ptsin	0x6	0x48be4
_ptsin	0x8	0x48be6
_ptsin	0xa	0x48be8
_ptsin	0xc	0x48bea
_ptsin	0xe	0x48bec
_g_sepms	0x0	0x48cde
_g_sepms	0xc	0x48cea
_g_sepms	0x10	0x48cee
_g_sedeh	0x0	0x48cfe
_g_sedeh	0x42	0x48d40
_ptsout	0x0	0x48d76
_gl_apid	0x0	0x48e94
_global	0x0	0x48e96
_addr_in	0x0	0x48eb4
_contrl	0x0	0x48ebc
_contrl	0x2	0x48ebe
_contrl	0x6	0x48ec2
_contrl	0xa	0x48ec6
_contrl	0xc	0x48ec8
_contrl	0xe	0x48eca
_contrl	0x10	0x48ecc
_contrl	0x12	0x48ece
_contrl	0x14	0x48ed0
_psg_env	0x0	0x48ed4
_g_setmt	0x0	0x48ef2
_g_meve	0x0	0x493f2
_g_meve	0x1	0x493f3
_g_obtah	0x0	0x493f6
_g_sfDoB	0x0	0x49476
_g_seaim	0x0	0x49576
_g_seaim	0x4	0x4957a
_g_seaim	0x8	0x4957e
_g_seaim	0xc	0x49582
_g_seaim	0x10	0x49586
_g_seaim	0x14	0x4958a
_g_seaim	0x18	0x4958e
_g_seaim	0x1c	0x49592
_psg_chN	0x0	0x49596
_g_ew2a	0x0	0x4959a
_bm32or	0x0	0x49776
_g_sedim	0x0	0x497f6
_g_seacw	0x0	0x498e6
_g_seacw	0x2	0x498e8
_g_seacw	0x4	0x498ea
_g_seacw	0xa	0x498f0
_g_seacw	0xc	0x498f2
_g_seacw	0xe	0x498f4
_comp_to	0x0	0x498f6
_g_sepef	0x0	0x49906
_g_sepef	0x6	0x4990c
_g_sepef	0x8	0x4990e
_g_seacx	0x0	0x49916
_g_seacx	0x6	0x4991c
_g_seacx	0x8	0x4991e
_g_setah	0x0	0x49926
_g_seacy	0x0	0x499b2
_g_seacy	0x6	0x499b8
_g_seacy	0x8	0x499ba
_g_sepeh	0x0	0x499c2
_g_sepeh	0x6	0x499c8
_g_sepeh	0x8	0x499ca
_body_pt	0x0	0x499d2
__fds	0x0	0x499d6
__fds	0x6a8	0x4a07e
_xyzzx	0x0	0x4bd56
_g_ltscb	0x0	0x4bd5a
_bshdbuf	0x0	0x4bd9a
_g_sedew	0x0	0x4ddc2
_g_sedew	0x42	0x4de04
_g_hsbuf	0x0	0x4de3a
_addr_ou	0x0	0x4df8a
_lcp	0x0	0x4df8e
_lcp	0x2	0x4df90
_lcp	0x4	0x4df92
_lcp	0x6	0x4df94
_lcp	0x8	0x4df96
_lcp	0xa	0x4df98
_lcp	0xc	0x4df9a
_lcp	0xe	0x4df9c
_lcp	0x28	0x4dfb6
_lcp	0x2a	0x4dfb8
_lcp	0x2c	0x4dfba
_lcp	0x2e	0x4dfbc
_lcp	0x30	0x4dfbe
_lcp	0x32	0x4dfc0
_lcp	0x34	0x4dfc2
_lcp	0x36	0x4dfc4
_lcp	0x38	0x4dfc6
_lcp	0x3a	0x4dfc8
_lcp	0x3c	0x4dfca
_lcp	0x3e	0x4dfcc
_lcp	0x40	0x4dfce
_lcp	0x42	0x4dfd0
_lcp	0x44	0x4dfd2
_lcp	0x46	0x4dfd4
_lcp	0x48	0x4dfd6
_lcp	0x4a	0x4dfd8
_lcp	0x4c	0x4dfda
_lcp	0x4e	0x4dfdc
_lcp	0x52	0x4dfe0
_lcp	0x54	0x4dfe2
_lcp	0x56	0x4dfe4
_lcp	0x58	0x4dfe6
_lcp	0x5a	0x4dfe8
_lcp	0x5c	0x4dfea
_lcp	0x5e	0x4dfec
_lcp	0x5f	0x4dfed
_lcp	0x60	0x4dfee
_lcp	0x61	0x4dfef
_lcp	0x62	0x4dff0
_lcp	0x63	0x4dff1
_lcp	0x76	0x4e004
_g_seams	0x0	0x4e00e
_g_seams	0x4	0x4e012
_g_seams	0x8	0x4e016
_g_seams	0x14	0x4e022
_g_seams	0x18	0x4e026
_g_seams	0x1c	0x4e02a
_pk_ch	0x0	0x4e02e
_mi_ntLp	0x0	0x4e062
_g_dfmab	0x0	0x4e162
