# stx_bss_layout.tsv -- the original linker's BSS allocation, keyed by port symbol+offset.
# Generated by bss_remap.py --gen against DATA/LCP_STX.PRG; regenerate after any
# layout-affecting source change and review the diff.  Columns: symbol offset address.
# bss_size 187450
__base	0x0	0x1c6c0
__break	0x0	0x1c6c4
___cpmrv	0x0	0x1c6c8
___cpmrv	0x2	0x1c6ca
_scnDict	0x0	0x1c6ce
_nibbleB	0x0	0x1c6ec
_parsedL	0x0	0x1c6fc
_vdipb	0x0	0x1c700
_vdipb	0x4	0x1c704
_vdipb	0x8	0x1c708
_vdipb	0xc	0x1c70c
_vdipb	0x10	0x1c710
_ldivr	0x0	0x1c714
_ldivr	0x4	0x1c718
_ldivr	0x6	0x1c71a
_ldivr	0xa	0x1c71e
_ldivr	0xe	0x1c722
_ldivr	0x12	0x1c726
_intin	0x0	0x1c72a
_screenM	0x0	0x1c82a
_screenM	0x2	0x1c82c
_plyrSor	0x0	0x1c842
_plyrSor	0x8	0x1c84a
_pkrRais	0x0	0x1c84c
_pkrSele	0x0	0x1c84e
_sfxTick	0x0	0x1c858
_savedHe	0x0	0x1c85c
_dogEati	0x0	0x1c860
_bowlLev	0x0	0x1c862
_inEvent	0x0	0x1c864
_altScre	0x1ff	0x1ca66
_loopTar	0x0	0x2497c
_boxHeig	0x0	0x24980
_intout	0x0	0x24982
_houseBu	0x0	0x24a82
_cardQui	0x0	0x2c9da
_plyrWar	0x0	0x2c9dc
_bjMatch	0x0	0x2ca44
_bjDblMa	0x0	0x2ca46
_bjDblSp	0x0	0x2ca48
_c	0x0	0x2ca4a
_c	0x4	0x2ca4e
_c	0x8	0x2ca52
_c	0xc	0x2ca56
_c	0x10	0x2ca5a
_c	0x14	0x2ca5e
_t_mon	0x0	0x2ca62
_anaDict	0x0	0x2ca64
_compSor	0x0	0x2ca68
_compSor	0x8	0x2ca70
_queueCo	0x0	0x2ca74
_headIma	0x0	0x2ca76
_resFaci	0x0	0x2cc76
_compWar	0x0	0x2cc78
_noPreem	0x0	0x2cce0
_debugHi	0x0	0x2cce2
_ringCou	0x0	0x2cce4
_envOutV	0x0	0x2cce6
_psgChan	0x0	0x2cce8
_xWaypoi	0x0	0x2ccec
_plyrHan	0x0	0x2ccf0
_plyrHan	0x2	0x2ccf2
_pkrPass	0x0	0x2ccfa
_studyDo	0x0	0x2ccfc
_alarmRi	0x0	0x2ccfe
_dogIdle	0x0	0x2cd00
_songAds	0x0	0x2cd02
_noteQue	0x0	0x2cd06
_physHan	0x0	0x2cd7e
_bodyIma	0x0	0x2cd82
_yWaypoi	0x0	0x2cf82
_spriteH	0x0	0x2cf84
_spriteH	0x42	0x2cfc6
_pantryF	0x0	0x2d000
_noteDec	0x0	0x2d002
_queuePr	0x0	0x2d004
_ptsin	0x0	0x2d018
_ptsin	0x2	0x2d01a
_dogXWay	0x0	0x2d118
_dogYWay	0x0	0x2d11a
_dogOnSt	0x0	0x2d11c
_compHan	0x0	0x2d11e
_bjNatMa	0x0	0x2d128
_sfxCurP	0x0	0x2d12a
_dogLast	0x0	0x2d12c
_kitchen	0x0	0x2d12e
_envDivi	0x0	0x2d130
_midiMsg	0x0	0x2d132
_midiMsg	0x1	0x2d133
_midiMsg	0x2	0x2d134
_seqPhas	0x0	0x2d13a
_ptsout	0x0	0x2d13c
_ptsout	0x2	0x2d13e
_ptsout	0x4	0x2d140
_ptsout	0x6	0x2d142
_bodySha	0x0	0x2d23c
_objMfdb	0x0	0x2f266
_wpzInde	0x0	0x2f6c6
_anaScra	0x0	0x2f6c8
_bjSplit	0x0	0x2f6d2
_bjSplit	0x2	0x2f6d4
_bjBustM	0x0	0x2f6dc
_bjBustS	0x0	0x2f6de
_bjNatSp	0x0	0x2f6e0
_sfxReqD	0x0	0x2f6e2
_fireTim	0x0	0x2f6e4
_phraseB	0x0	0x2f6e6
_rampDel	0x0	0x2f6f0
_queueAc	0x0	0x2f6f8
_boxWidt	0x0	0x2f70c
_t_year	0x0	0x2f70e
_dogX	0x0	0x2f710
_plyrPil	0x0	0x2f712
_sfxDurH	0x0	0x2f77a
_carried	0x0	0x2f77c
_isDogDe	0x0	0x2f77e
_dogHidd	0x0	0x2f780
_dogNoTo	0x0	0x2f782
_phoneHa	0x0	0x2f784
_flipMfd	0x0	0x2f786
_drawnHe	0x0	0x2f78a
_drawnHe	0x2	0x2f78c
_drawnHe	0x4	0x2f78e
_drawnHe	0xa	0x2f794
_drawnHe	0xc	0x2f796
_drawnHe	0xe	0x2f798
_global	0x0	0x2f79a
_dogY	0x0	0x2f7b8
_walkAdj	0x0	0x2f7ba
_dogMayE	0x0	0x2f7bc
_dogMirM	0x0	0x2f7be
_patFram	0x0	0x2f8ae
_bodyFra	0x0	0x2f8b0
_sprFile	0x0	0x34770
_wpzText	0x0	0x37e20
_compPil	0x0	0x37e24
_toiletD	0x0	0x37e8c
_noteNum	0x0	0x37e8e
_plyrSco	0x0	0x37e92
_warDept	0x0	0x37e9c
_songBuf	0x0	0x37e9e
_lcpHidd	0x0	0x37ea2
_noteIsO	0x0	0x37ea4
_noteVol	0x0	0x37ea6
_work_in	0x0	0x37ea8
_work_in	0x14	0x37ebc
_screenS	0x0	0x37ed0
_headMas	0x0	0x37ed2
_bjHitsD	0x0	0x380d2
_psgEnve	0x0	0x380d4
_psgEnve	0xe	0x380e2
_psgEnve	0x1c	0x380f0
_lastExp	0x0	0x380fe
_stripSt	0x0	0x38102
_t_sec	0x0	0x3b324
_pendWid	0x0	0x3b326
_pendWid	0x6	0x3b32c
_pendWid	0x8	0x3b32e
_lastAct	0x0	0x3b336
_compSco	0x0	0x3b338
_cardMfd	0x0	0x3b342
_pkrNumD	0x0	0x3b77a
_bjKey	0x0	0x3b77c
_sfxDurL	0x0	0x3b77e
_recordC	0x0	0x3b780
_cmdWord	0x0	0x3b782
_timerTi	0x0	0x3b7ac
_ticksTo	0x0	0x3b7b0
_t_hour	0x0	0x3b7b2
_t_day	0x0	0x3b7b4
_bodyMas	0x0	0x3b7b6
_mgTimed	0x0	0x3b9ba
_anaWord	0x0	0x3b9bc
_bjBetMa	0x0	0x3b9be
_bjDidSp	0x0	0x3b9c0
_isCarry	0x0	0x3b9c2
_fireDou	0x0	0x3b9c4
_nextEvT	0x0	0x3b9c6
_queueLe	0x0	0x3b9ca
_loopTop	0x0	0x3b9cc
_noteMod	0x0	0x3b9ce
_stripSc	0x0	0x3b9d0
_headSha	0x0	0x3b9d2
_scnBuff	0x0	0x3cf7a
_cardTab	0x0	0x3cf7e
_typingO	0x0	0x3cf92
_letterW	0x0	0x3cf94
_songPla	0x0	0x3cfbc
_songEnd	0x0	0x3cfbe
_tosPhys	0x0	0x3cfc2
_copyPro	0x0	0x3cfc8
_walkXTa	0x0	0x3cfcc
_walkYTa	0x0	0x3cfce
_scnSize	0x0	0x3cfd0
_bedClos	0x0	0x3cfd2
_control	0x0	0x3cfd4
_int_in	0x0	0x3cfdc
_int_in	0x2	0x3cfde
_int_out	0x0	0x3cffc
_int_out	0x2	0x3cffe
_int_out	0x4	0x3d000
_int_out	0x6	0x3d002
_int_out	0x8	0x3d004
_beatTic	0x0	0x3d00a
_typedCu	0x0	0x3d00c
_mirrorT	0x0	0x3d00e
_dogXTar	0x0	0x3d20e
_dresser	0x0	0x3d212
_noteCha	0x0	0x3d214
_charHei	0x0	0x3d216
_wk_out	0x0	0x3d218
_typedLi	0x0	0x3d28a
_pexFram	0x0	0x3d2da
_dogYTar	0x0	0x3fe2a
_savedTe	0x0	0x3fe2e
_savedTe	0xe	0x3fe3c
_bjPlyrS	0x0	0x3fe46
_sfxBuff	0x0	0x3fe48
_sfxDosS	0x0	0x3fe80
_sfxDosC	0x0	0x3fe82
_drawLog	0x0	0x3ffd8
_slotMas	0x0	0x3ffdc
_oldTime	0x0	0x4007c
_animSta	0x0	0x40080
_housePt	0x0	0x40082
_anaInpu	0x0	0x4008a
_anaInpu	0xa	0x40094
_plyrChi	0x0	0x40096
_dogMirI	0x0	0x40098
_tickCou	0x0	0x40188
_ad_c	0x0	0x4018a
_houseMf	0x0	0x4018e
_wpzBlan	0x0	0x401a2
_pkrBet	0x0	0x401a4
_bjHitsM	0x0	0x401a6
_bjDeale	0x0	0x401a8
_movingI	0x0	0x401aa
_waterLe	0x0	0x401ac
_rampAcc	0x0	0x401ae
_lasthz	0x0	0x401b4
_frameCo	0x0	0x401b6
_residen	0x0	0x401b8
_residen	0x2	0x401ba
_residen	0x4	0x401bc
_residen	0x6	0x401be
_residen	0x8	0x401c0
_residen	0xa	0x401c2
_residen	0xc	0x401c4
_residen	0xe	0x401c6
_residen	0x28	0x401e0
_residen	0x2a	0x401e2
_residen	0x2c	0x401e4
_residen	0x2e	0x401e6
_residen	0x30	0x401e8
_residen	0x32	0x401ea
_residen	0x34	0x401ec
_residen	0x36	0x401ee
_residen	0x38	0x401f0
_residen	0x3a	0x401f2
_residen	0x3c	0x401f4
_residen	0x3e	0x401f6
_residen	0x40	0x401f8
_residen	0x42	0x401fa
_residen	0x44	0x401fc
_residen	0x46	0x401fe
_residen	0x48	0x40200
_residen	0x4a	0x40202
_residen	0x4c	0x40204
_residen	0x4e	0x40206
_residen	0x52	0x4020a
_residen	0x54	0x4020c
_residen	0x56	0x4020e
_residen	0x58	0x40210
_residen	0x5a	0x40212
_residen	0x5c	0x40214
_residen	0x5e	0x40216
_residen	0x76	0x4022e
_headLas	0x0	0x40238
_songCou	0x0	0x4023a
_organCo	0x0	0x4023c
_compChi	0x0	0x4023e
_bjHitsS	0x0	0x40240
_frontDo	0x0	0x40242
_dogEatC	0x0	0x40244
_frameMf	0x0	0x40246
_slotImg	0x0	0x4025a
_headFra	0x0	0x402fa
_dogStep	0x0	0x402fc
_genMask	0x0	0x402fe
_objWidt	0x0	0x439ae
_anaAnsw	0x0	0x43a1e
_pendX	0x0	0x43a26
_pendX	0x2	0x43a28
_pendX	0x4	0x43a2a
_pendX	0xa	0x43a30
_pendX	0xc	0x43a32
_pendX	0xe	0x43a34
_pendY	0x0	0x43a36
_pendY	0x2	0x43a38
_pendY	0x4	0x43a3a
_pendY	0xa	0x43a40
_pendY	0xc	0x43a42
_pendY	0xe	0x43a44
_drawnWi	0x0	0x43a46
_drawnWi	0x2	0x43a48
_drawnWi	0x4	0x43a4a
_drawnWi	0xa	0x43a50
_drawnWi	0xc	0x43a52
_drawnWi	0xe	0x43a54
_alarmSo	0x0	0x43a56
_letterT	0x0	0x43a58
_footste	0x0	0x43a5c
_inputLi	0x0	0x43a5e
_inputLi	0x1	0x43a5f
_inputLi	0x3	0x43a61
_inputLi	0x4	0x43a62
_inputLi	0x6	0x43a64
_inputLi	0x7	0x43a65
_objHeig	0x0	0x43aae
_pkrRoun	0x0	0x43b1e
_pkrBluf	0x0	0x43b20
_sfxReqI	0x0	0x43b22
_drawnIm	0x0	0x43b24
_drawnIm	0x4	0x43b28
_drawnIm	0x8	0x43b2c
_drawnIm	0xc	0x43b30
_drawnIm	0x10	0x43b34
_drawnIm	0x14	0x43b38
_drawnIm	0x18	0x43b3c
_drawnIm	0x1c	0x43b40
_gl_apid	0x0	0x43b44
_loopSta	0x0	0x43b46
_noteToQ	0x0	0x43df6
_noteOwn	0x0	0x43df8
_songPos	0x0	0x43e78
_contrl	0x0	0x43e7c
_contrl	0x2	0x43e7e
_contrl	0x6	0x43e82
_contrl	0xa	0x43e86
_contrl	0xc	0x43e88
_contrl	0xe	0x43e8a
_contrl	0x12	0x43e8e
_t_min	0x0	0x43e94
_plyrRan	0x0	0x43e96
_addr_in	0x0	0x43e98
_textTim	0x0	0x43ea0
_drawnX	0x0	0x43ea2
_drawnX	0x6	0x43ea8
_drawnX	0x8	0x43eaa
_drawnY	0x0	0x43eb2
_drawnY	0x6	0x43eb8
_drawnY	0x8	0x43eba
_spriteW	0x0	0x43ec2
_spriteW	0x42	0x43f04
_wpzAnsw	0x0	0x43f3a
_potChip	0x0	0x43f76
_pkrWinn	0x0	0x43f78
_sfxData	0x0	0x43f7a
_noteDur	0x0	0x43fde
_noteAcc	0x0	0x43fe0
_charWid	0x0	0x43fe2
_stripBu	0x0	0x43fe4
_pendIma	0x0	0x43fe8
_pendIma	0xc	0x43ff4
_pendIma	0x10	0x43ff8
_walkSpe	0x0	0x44008
_anaGues	0x0	0x4400a
_compRan	0x0	0x4400c
_bjBetSp	0x0	0x4400e
_sfxPend	0x0	0x44010
_bowlCha	0x0	0x44012
_spriteM	0x0	0x44016
_loadedS	0x0	0x44106
_anaNumC	0x0	0x44108
_filingC	0x0	0x4410a
_drawnMa	0x0	0x4410c
_drawnMa	0x4	0x44110
_drawnMa	0x8	0x44114
_drawnMa	0x14	0x44120
_drawnMa	0x18	0x44124
_drawnMa	0x1c	0x44128
_cmdPrio	0x0	0x4412c
_songEve	0x0	0x4412e
_resX	0x0	0x44134
_resY	0x0	0x44136
_panelLo	0x0	0x44138
_pkrDisc	0x0	0x4413c
_pkrDisc	0x14	0x44150
_letterL	0x0	0x44156
_objFile	0x0	0x446f6
_anaClue	0x0	0x47da6
_cardIma	0x0	0x47da8
_sfxStar	0x0	0x47dac
_savedBo	0x0	0x47db0
__fds	0x0	0x47db4
__fds	0x6a8	0x4845c
_vdiHand	0x0	0x4a134
_pendMas	0x0	0x4a136
_pendMas	0xc	0x4a142
_pendMas	0x10	0x4a146
_spriteB	0x0	0x4a156
_pkrLast	0x0	0x4a246
_addr_ou	0x0	0x4a248
_pendHei	0x0	0x4a24e
_pendHei	0x6	0x4a254
_pendHei	0x8	0x4a256
_headMir	0x0	0x4a25e
_warDeck	0x0	0x4a260
_sfxCurI	0x0	0x4a2c8
_sfxPlay	0x0	0x4a2ca
_scratch	0x0	0x4a2cc
_scratch	0x2	0x4a2ce
_scratch	0x4	0x4a2d0
_scratch	0x6	0x4a2d2
_dogSpri	0x0	0x4a2f4
_lastFra	0x0	0x4a2f6
